{
	"class_name" : "PinholeCameraParameters",
	"extrinsic" : 
	[
		0.98930435683780737,
		0.078989956342454412,
		0.12262738820813895,
		0.0,
		-0.0067297944331818974,
		0.86450697581859415,
		-0.50257576406734517,
		0.0,
		-0.14571067019480621,
		0.49637513591839566,
		0.85579210386248294,
		0.0,
		-23.560800573547034,
		26.969907112825666,
		434.30442709125299,
		1.0
	],
	"intrinsic" : 
	{
		"height" : 700,
		"intrinsic_matrix" : 
		[
			606.21778264910711,
			0.0,
			0.0,
			0.0,
			606.21778264910711,
			0.0,
			499.5,
			349.5,
			1.0
		],
		"width" : 1000
	},
	"version_major" : 1,
	"version_minor" : 0
}